id,first_name,last_name
1,Sarah,Huynh
2,William,Castaneda
3,Benjamin,Cox
4,Ryan,Gilbert
5,Jennifer,Nichols
6,Meredith,Cruz
7,Zachary,Rose
8,Alexandra,Rogers
9,Joseph,Diaz
10,Sherri,Middleton
11,Gavin,Gibson
12,Angela,Thomas
13,Jose,Fox
14,Tammy,Campos
15,Kathleen,Peters
16,Tiffany,Smith
17,Frank,Tran
18,Stephen,Finley
19,Amanda,Edwards
20,Kenneth,Smith
21,Joel,Sanchez
22,Kendra,Wilson
23,Michelle,Parker
24,Michael,Ray
25,Amanda,Roberts
26,Amanda,Miller
27,Melissa,Rios
28,Roger,Smith
29,Jason,Bolton
30,Jay,Thompson
31,Dennis,Moore
32,Ricky,Brown
33,Joseph,Dixon
34,Matthew,Day
35,Grace,Butler
36,Susan,Carter
37,Stephanie,Cruz
38,Heather,Donaldson
39,Eddie,Richards
40,David,Stephens
41,Jamie,Wilson
42,Monica,Crosby
43,Bradley,Chapman
44,Shaun,Saunders
45,Melissa,Johnson
46,Mary,Walters
47,Timothy,Elliott
48,Daniel,Monroe
49,Kenneth,Williamson
50,John,Wolfe
51,Erica,Obrien
52,Roberta,Smith
53,Lisa,Roth
54,Bradley,Jones
55,Michael,Obrien
56,Jonathan,Roberts
57,Ian,Thompson
58,Jeffrey,White
59,Cheryl,Carr
60,Katrina,Lara
61,Jeanette,Mathews
62,Melissa,Alexander
63,Sheila,Clarke
64,Kerry,Weaver
65,Karen,Bowers
66,Brian,Smith
67,Melissa,Myers
68,Danielle,Johnson
69,Joseph,Johnston
70,Hannah,Bowman
71,Jessica,Davila
72,Julie,Garcia
73,Cheryl,Kirk
74,James,Fritz
75,Sara,Cruz
76,Morgan,Wilson
77,Nicholas,Bowen
78,Sandra,Mitchell
79,Peter,Bush
80,Angel,Knight
81,John,Sloan
82,Lauren,Mitchell
83,Valerie,Anderson
84,Denise,Campbell
85,Hailey,Anderson
86,Ryan,Blackburn
87,Debra,Garcia
88,John,Davidson
89,Jordan,Johnson
90,Michael,James
91,Lori,Fuller
92,Brenda,Duran
93,Cheryl,Kim
94,Austin,Cooper
95,Anne,Garner
96,Mary,Chapman
97,Charles,Walls
98,Brian,Nash
99,Donald,Collins
100,Julie,Mccarty
101,Louis,Marsh
102,Mark,Hall
103,Steven,Brown
104,Anthony,Baldwin
105,Karen,Dunn
106,Eugene,Robbins
107,Michael,Brown
108,Matthew,Patel
109,John,Brennan
110,Mary,Cunningham
111,Steven,Williams
112,Edward,Olson
113,Regina,Gonzalez
114,Jennifer,Cox
115,Kelly,Odonnell
116,Cody,Jones
117,Belinda,Washington
118,Nicole,Floyd
119,Marcus,Erickson
120,Christopher,Perkins
121,Justin,Little
122,Scott,Kelley
123,Robin,Torres
124,Tara,Baker
125,Kimberly,Morrison
126,Eric,Rhodes
127,Nathaniel,Mcneil
128,Ryan,Gibson
129,Gabrielle,Morales
130,Manuel,Chang
131,Ashley,Villanueva
132,Christina,Sanchez
133,Becky,Meyer
134,Robin,Miller
135,David,Hardin
136,Jordan,Davis
137,Thomas,Richards
138,Andrew,Davis
139,Brian,Dunn
140,Bethany,Tucker
141,Kimberly,Castro
142,Marcus,Stewart
143,Christopher,Richards
144,Nicholas,Hill
145,Charles,Jimenez
146,Jacob,Stevenson
147,Maria,Gray
148,Evan,Ortiz
149,Robert,Johnson
150,Jamie,Woods
151,Pedro,Wright
152,Michael,Martinez
153,Katrina,Wells
154,Steven,Ryan
155,Hannah,Martin
156,Sherry,Yu
157,Allison,Jennings
158,Anne,Jackson
159,Alexandria,Mcgee
160,Martin,Martinez
161,Lonnie,Garza
162,Douglas,Miranda
163,Kim,Rios
164,Danielle,Phelps
165,Kristina,Johnson
166,Michael,Shields
167,Sean,Noble
168,Mandy,Daugherty
169,Devin,Thompson
170,Brenda,Sims
171,Amy,Peterson
172,Cassandra,Mcdonald
173,Mary,Taylor
174,Joe,Perez
175,Gabriella,Garcia
176,Robert,Lewis
177,Melanie,Palmer
178,Michael,Kennedy
179,Melissa,Powers
180,Mary,Castro
181,Joanna,Green
182,Dominic,Jacobson
183,Nicole,Cross
184,Jacob,Dominguez
185,Matthew,Harrison
186,Deborah,Elliott
187,Joanna,Reynolds
188,Eric,Barrera
189,Gina,Cannon
190,Cindy,Shepherd
191,Connor,Schultz
192,David,Pitts
193,Stephen,Nguyen
194,Sheri,Williams
195,Scott,Castillo
196,Mark,Sparks
197,Michelle,Mcfarland
198,Christina,Anderson
199,Andrew,Powell
200,Robert,Warner
201,Julie,Camacho
202,Anthony,Turner
203,Anthony,Hall
204,Nicholas,Parker
205,Kevin,Lewis
206,Tiffany,Drake
207,Lisa,Hanson
208,Joshua,Brooks
209,Laura,Wise
210,Christina,Johnson
211,Susan,Stephens
212,Marcus,Waters
213,Debbie,Crawford
214,Kimberly,Haas
215,David,Jackson
216,Derrick,Wood
217,Benjamin,Barron
218,Jeffrey,Malone
219,Aaron,Burch
220,Brett,Allen
221,Joseph,Walls
222,Amanda,Miller
223,Cody,Erickson
224,Michael,Jones
225,John,Gilbert
226,Donald,Williams
227,Robert,Rodriguez
228,Barbara,Cruz
229,Ryan,Green
230,Robert,Henson
231,Heather,Hernandez
232,Douglas,Porter
233,Juan,Mcdonald
234,Thomas,Harper
235,Christopher,Wilson
236,Patrick,Smith
237,Christian,Huerta
238,Nicole,Baird
239,Michelle,White
240,Angel,Pratt
241,Nicole,Howard
242,Christine,Cox
243,Janice,Pittman
244,Christopher,Price
245,Douglas,Mahoney
246,Brittany,Oneal
247,Kristine,Miller
248,Peggy,Davis
249,Alexandra,Ochoa
250,Lynn,Neal
251,Maurice,Anderson
252,Jeffery,Ward
253,Patricia,Robertson
254,Crystal,Freeman
255,Jennifer,Carlson
256,Shane,Wang
257,Robert,Kirk
258,Tonya,Weiss
259,Allison,Carpenter
260,Anthony,Howard
261,Jessica,Key
262,John,Hernandez
263,Angel,Shaw
264,Luis,Roberts
265,Benjamin,Hunt
266,Debra,Harris
267,Roy,Casey
268,Alice,Carroll
269,Rebecca,Harvey
270,Rodney,Collins
271,Jason,Moreno
272,Jessica,Garcia
273,Kevin,Collins
274,Michael,Butler
275,Sherri,White
276,Jacqueline,Buchanan
277,Melanie,Dyer
278,Bianca,Robinson
279,Audrey,Warren
280,Ricky,Wright
281,Mary,Payne
282,Jasmine,Obrien
283,Wendy,Hill
284,Kristin,Wilson
285,Karen,Berger
286,Natasha,Mcgee
287,Derrick,Roach
288,Jesse,Smith
289,Katherine,Anderson
290,Donna,Brandt
291,Elizabeth,Mclean
292,Kristen,Mccoy
293,Melissa,Phillips
294,Jeff,Romero
295,Jill,Jones
296,Jeffrey,Green
297,Christopher,Mays
298,Joel,Lin
299,Tiffany,Martinez
300,Holly,Bailey
301,Michelle,Smith
302,Jackson,Jones
303,Adam,Elliott
304,Elizabeth,Brooks
305,Fred,Gutierrez
306,Stacy,Morgan
307,Angel,Robinson
308,Diamond,Davila
309,Jose,Rodriguez
310,Jennifer,White
311,Juan,Lopez
312,Rick,Rodriguez
313,Judy,Best
314,Brian,Johnson
315,David,Jackson
316,Samantha,White
317,Melissa,Parks
318,Jean,Ferguson
319,Jeffrey,Rodriguez
320,Michael,Cox
321,Monica,Nash
322,Gina,Munoz
323,Hector,Morales
324,Benjamin,White
325,Jordan,Stevens
326,Gregory,Mccall
327,Amy,Benjamin
328,Amanda,Ramirez
329,David,Thomas
330,Morgan,Bullock
331,Caroline,Cervantes
332,Brian,Valdez
333,Melanie,Johnson
334,Briana,Boone
335,Jennifer,Foster
336,Christian,Cox
337,Shirley,Washington
338,Kenneth,Patrick
339,Gregory,Holt
340,Zachary,Wong
341,Ashley,Henderson
342,Alexander,Dixon
343,Michael,Gregory
344,Elizabeth,Owen
345,Richard,Nelson
346,William,Pierce
347,Christy,Smith
348,Alison,Price
349,Dan,Hill
350,Cynthia,Hamilton
351,Robert,Newton
352,Diane,Smith
353,Benjamin,Townsend
354,Robert,Dunlap
355,Cheyenne,Becker
356,Tony,Gray
357,Heather,Ingram
358,Nicole,Collins
359,Scott,Parker
360,Donna,Golden
361,Jessica,Johnson
362,Sarah,Boyd
363,Matthew,Davis
364,Austin,Merritt
365,Emily,Ewing
366,Rodney,Wade
367,Matthew,Hammond
368,Michael,Butler
369,Tammy,Klein
370,Phillip,Adkins
371,Kimberly,Wiley
372,Michelle,Walker
373,Justin,Wagner
374,Donald,Williams
375,Thomas,Hudson
376,Kayla,Brock
377,Margaret,Ball
378,Sarah,Thompson
379,Anthony,Holloway
380,Edward,Allen
381,Stephanie,Wagner
382,Jared,Juarez
383,William,Wheeler
384,Debbie,Brewer
385,Michael,Rice
386,Albert,Davis
387,Tommy,Hill
388,Sandra,Carr
389,Dustin,Baker
390,Michael,Mejia
391,Brooke,Johnson
392,Richard,Hayden
393,Nicholas,Mullen
394,John,Moses
395,Logan,Green
396,Carrie,Brandt
397,Misty,Powers
398,Nancy,Hill
399,Elizabeth,Delgado
400,Kelsey,Campbell
401,Shaun,French
402,Tina,Hill
403,Vincent,Jennings
404,Michael,Terry
405,Monique,Barker
406,Melanie,Watts
407,Richard,Gonzalez
408,James,Park
409,Bianca,Jordan
410,Benjamin,Macdonald
411,Amy,Brown
412,Christopher,Carter
413,Stephanie,Schmidt
414,William,Lara
415,Valerie,Donaldson
416,Deborah,Young
417,Erin,Walker
418,Benjamin,Henderson
419,Curtis,Cruz
420,Denise,Jenkins
421,Brenda,Brown
422,Jeremiah,Adams
423,Kaitlyn,Johnson
424,Debra,Weiss
425,Leah,Cook
426,Desiree,Mccullough
427,Kenneth,Wood
428,Kara,Cole
429,Jose,Burke
430,Danielle,Simpson
431,Thomas,Taylor
432,Michelle,Martinez
433,Shelley,Salas
434,Gabriella,Edwards
435,Barbara,Zimmerman
436,Connie,Ball
437,Tina,Lopez
438,Pamela,Gillespie
439,Edward,Spencer
440,Gary,Martinez
441,Jeremy,Turner
442,Adrienne,Ashley
443,Kimberly,Bullock
444,Paula,Wyatt
445,Sean,Wood
446,Amber,Rivers
447,Douglas,Hernandez
448,Steven,Carter
449,Stacy,King
450,Larry,Webster
451,Dennis,Williams
452,Nancy,Benson
453,Patrick,Lee
454,John,Bruce
455,Garrett,Wood
456,Haley,Russell
457,Kathryn,Snyder
458,Tina,Myers
459,Robert,Young
460,Ashley,Cruz
461,Scott,Webb
462,Johnny,Blevins
463,Cynthia,Gregory
464,Anita,Moore
465,Jessica,Curry
466,Cindy,White
467,Jason,Hoffman
468,Sean,Smith
469,Mark,Thompson
470,Kaitlyn,Nguyen
471,Tyler,Turner
472,Jacob,Owens
473,Jerome,Jones
474,Amanda,Johnson
475,Robert,Moran
476,Lisa,Bowers
477,Thomas,Shaffer
478,Craig,Berg
479,Rodney,Burke
480,Erica,Chapman
481,James,Barnett
482,Nathan,Martinez
483,Ronald,Stevenson
484,Stephen,Martinez
485,Veronica,Matthews
486,Shannon,Bailey
487,Catherine,Brown
488,James,Griffin
489,Shawn,Martinez
490,Steven,Baker
491,Timothy,Lynch
492,David,Park
493,Wendy,Hernandez
494,Eric,Wright
495,Andrew,Trevino
496,Allen,Riley
497,Bryan,Foster
498,Nicholas,Gaines
499,Heidi,Fox
500,Carl,Schaefer
501,Angela,Williams
502,Paul,Green
503,Brandi,Roberson
504,Lauren,Merritt
505,Steven,Mendez
506,Rachel,Thomas
507,Emily,Wilson
508,Kathy,Green
509,Jordan,Galloway
510,Christopher,Reid
511,Meagan,Wolf
512,Erik,Greene
513,Courtney,Higgins
514,Jacob,Thomas
515,Andrew,Ross
516,Tyler,Goodman
517,Margaret,Wagner
518,Samantha,Alvarado
519,Johnny,King
520,Felicia,Walton
521,Laura,Hernandez
522,Carolyn,Baker
523,Robert,Wilcox
524,Andrea,French
525,Tiffany,Zuniga
526,Brandon,Smith
527,Christopher,Mckinney
528,Angela,Norton
529,Brett,Le
530,Jason,Fisher
531,Mary,Ramsey
532,Daniel,Bryan
533,Kevin,Flores
534,Amber,Ramirez
535,Victor,Ramos
536,Joseph,Ramirez
537,Tammy,Carlson
538,Manuel,Phillips
539,Donna,Lester
540,Dustin,Alexander
541,Paul,Franklin
542,Adrian,Harris
543,Brian,Roach
544,Stacey,Morales
545,Laura,Tran
546,Wendy,Lewis
547,Madison,Collins
548,Andrea,Reynolds
549,Raymond,George
550,William,Smith
551,Mary,Edwards
552,Timothy,Phillips
553,Brian,Gilmore
554,Hannah,York
555,Christopher,Anderson
556,Jared,Smith
557,Ryan,Brewer
558,Scott,Collins
559,Joseph,West
560,Holly,Jones
561,Robin,Castro
562,Brittany,Anderson
563,Melissa,Hernandez
564,Lauren,Kim
565,Michael,Wolf
566,Willie,Hunter
567,Elizabeth,Williams
568,Julie,Farrell
569,Jason,Howard
570,Tyler,Gillespie
571,Lisa,Rangel
572,Krista,Greer
573,Steven,Jenkins
574,Justin,Kelly
575,David,Smith
576,Jeffrey,Martin
577,Sean,Wagner
578,Laurie,Moreno
579,Robert,Wilson
580,Peggy,Duncan
581,David,Henson
582,Raymond,Mccarthy
583,Patricia,Reyes
584,Justin,Flores
585,David,Boyd
586,Arthur,Pacheco
587,Thomas,Chapman
588,Kelsey,Watson
589,Darrell,Bradley
590,Jerry,Price
591,Catherine,Foley
592,Janet,Johnson
593,Amanda,Baker
594,Frank,Moody
595,Deborah,Frank
596,Ricky,Mccullough
597,Samantha,Jackson
598,Johnny,Hardy
599,Heather,Thomas
600,Robert,Long
601,Andrea,Collins
602,Pamela,Horn
603,Lauren,Dillon
604,Lindsey,Stevens
605,April,Moss
606,Jerry,Clark
607,Victoria,Lewis
608,James,Armstrong
609,Anna,Reynolds
610,Tracie,Thompson
611,James,Stanley
612,Rachel,Park
613,Robert,Huynh
614,Andrew,Reed
615,Jennifer,Thomas
616,James,Lopez
617,Alyssa,Adams
618,Martin,Collins
619,Marco,Barker
620,Michael,Davis
621,Dustin,Skinner
622,Raymond,West
623,Amanda,Fritz
624,Jacqueline,Ward
625,Jeffrey,Leonard
626,Jennifer,Mcdowell
627,Kayla,Miller
628,Bryan,Conway
629,Michael,Bailey
630,Robert,Smith
631,Robert,Cruz
632,Jackson,Collins
633,George,Conway
634,Michelle,Jackson
635,Gina,Williams
636,Julia,Jordan
637,Joshua,Kerr
638,Rebecca,Lee
639,Matthew,Carter
640,Nicholas,Salazar
641,Matthew,Hanson
642,Wesley,Petty
643,Jennifer,Nash
644,Courtney,Rodriguez
645,Barbara,Velazquez
646,William,Carr
647,Daniel,Haynes
648,Amanda,Conrad
649,Chelsea,Garcia
650,Joyce,Johnson
651,Tamara,Johnson
652,James,Mcclain
653,Curtis,Newman
654,Charles,Smith
655,Shannon,Perez
656,Erica,Hernandez
657,Victoria,Jimenez
658,Erica,Moore
659,Harry,Dawson
660,William,Mann
661,Maria,Davidson
662,Ryan,Lopez
663,Jason,Stewart
664,Brianna,Wilson
665,Gabriel,Carr
666,Anita,Butler
667,Christopher,Kaiser
668,Phillip,Henderson
669,Brianna,Young
670,Suzanne,Anderson
671,Michael,Peterson
672,Calvin,Esparza
673,Robert,Guzman
674,Nicole,Davis
675,Christine,Russell
676,Becky,Dennis
677,Patrick,Robertson
678,Robert,Frazier
679,Susan,Key
680,Johnny,Soto
681,Justin,Webster
682,Keith,Campbell
683,Kayla,Lewis
684,Franklin,Perry
685,Jacqueline,Park
686,Joseph,Griffith
687,Mark,Hill
688,Brittney,Watson
689,Benjamin,Thompson
690,Melinda,Clark
691,Beth,Vance
692,Ronald,Patterson
693,Daniel,Nelson
694,Mark,Turner
695,Joseph,Lara
696,Christopher,Brown
697,Heather,Robinson
698,Nicole,Johnson
699,Curtis,Stevenson
700,Gary,Huerta
701,Charlene,Gibson
702,Andrew,Scott
703,Amber,Guzman
704,Angela,Romero
705,Wendy,Brown
706,Antonio,Jones
707,Kathleen,Waters
708,Timothy,Brown
709,Yvonne,Rodriguez
710,Donna,Chavez
711,Christopher,Norris
712,Matthew,Sanders
713,Larry,Edwards
714,Carrie,Reeves
715,Derrick,Larson
716,Eric,James
717,Adrian,Kelly
718,Tina,Guzman
719,Patricia,Johnson
720,Lucas,Brown
721,Joel,Anderson
722,Joseph,Rivera
723,Jason,Richardson
724,Suzanne,Nguyen
725,Joshua,Cruz
726,Anna,Cooper
727,Amanda,Jackson
728,Christina,Delgado
729,Sara,Mcclain
730,Amber,Watkins
731,David,Adams
732,Elizabeth,Owens
733,Heather,Vega
734,Christopher,Jones
735,Danielle,Huber
736,Michael,Gallegos
737,Travis,Taylor
738,Robert,Stevens
739,Sierra,Yang
740,Elizabeth,Ho
741,Victor,Perez
742,Brenda,Diaz
743,Kimberly,Romero
744,Emma,Hernandez
745,Emily,Bruce
746,Richard,Foster
747,Jenna,Bryant
748,William,Singh
749,Michael,Myers
750,Barry,Perez
751,Sara,Valencia
752,Victor,Davis
753,Nicole,Nash
754,George,Dawson
755,Matthew,Andrews
756,David,Fletcher
757,Jason,Nelson
758,Alexis,Williams
759,Jessica,Richardson
760,Kelly,Rogers
761,Victoria,Morgan
762,Travis,Bush
763,John,Caldwell
764,Benjamin,Moore
765,Lori,Hernandez
766,Lucas,Mills
767,Ashley,Jensen
768,Barry,Short
769,Ralph,Fisher
770,Patrick,Howe
771,Melissa,Calderon
772,Jennifer,Brown
773,Martin,Jordan
774,Sandra,Everett
775,John,Case
776,Scott,Martin
777,Joel,Diaz
778,Catherine,Mendez
779,Chad,Cox
780,Joseph,Ellis
781,Lauren,Lee
782,Garrett,Rocha
783,Shannon,Schmidt
784,Robin,Davis
785,Chelsea,Campbell
786,Richard,Obrien
787,Michael,Williams
788,Jose,Mckinney
789,Alyssa,Anderson
790,Natalie,Hull
791,Timothy,Jones
792,Craig,Rowland
793,Jessica,Morgan
794,Brendan,Ortiz
795,Danny,Sellers
796,Taylor,Cunningham
797,Douglas,Cunningham
798,Lindsey,Gardner
799,Mallory,Harris
800,James,Elliott
801,Alvin,Zhang
802,Brandon,Ford
803,Kimberly,Kirk
804,Donald,Hood
805,Susan,Booth
806,Michael,White
807,Ruth,Rodriguez
808,Jaime,Austin
809,Sarah,Ponce
810,Jose,Williams
811,Steven,Mccarthy
812,Brendan,Perez
813,Phyllis,Boyd
814,Deanna,Bailey
815,Amanda,Campbell
816,Renee,Hughes
817,Timothy,Ingram
818,Alexis,Bryant
819,Michael,Weber
820,Paul,Robles
821,Michael,Mclaughlin
822,Kelly,Taylor
823,Valerie,Manning
824,Sharon,Gonzalez
825,Lisa,Garcia
826,Kyle,Callahan
827,Stacie,Bell
828,Nathan,Brown
829,Matthew,Sanders
830,Megan,Williams
831,Denise,Alexander
832,Jonathan,Brown
833,Alexis,Dillon
834,Alyssa,Cook
835,John,Foster
836,Sarah,Lucas
837,Daniel,Davis
838,Michael,Hernandez
839,Elizabeth,Mcclure
840,James,Goodman
841,Paula,Morton
842,William,Mueller
843,Kayla,Barnes
844,Matthew,Griffin
845,Christopher,Peterson
846,Kaylee,Cox
847,Allison,Bolton
848,Annette,Thompson
849,Chad,Williams
850,Anthony,Cooper
851,Steven,Mills
852,Claudia,Ballard
853,James,Taylor
854,Regina,Duncan
855,Theresa,Moreno
856,Randy,Black
857,Laura,Burton
858,Jacob,Williams
859,Deborah,Harper
860,Michael,Dawson
861,Summer,Strickland
862,Jessica,Meyer
863,Ronald,Lopez
864,Nicholas,Martinez
865,Hayden,Garcia
866,Luke,Ruiz
867,Ann,Mcdonald
868,Allison,Williams
869,Donna,Terry
870,Nancy,Lamb
871,Shannon,Fox
872,Joseph,Thomas
873,Edward,Durham
874,Janice,Colon
875,Christina,Jones
876,Theresa,Joyce
877,Kelly,Hayes
878,Heather,Ford
879,Calvin,Harrison
880,Robert,Reid
881,Trevor,Thomas
882,Tara,Parker
883,David,Robertson
884,Rachael,Walton
885,Jay,Hopkins
886,Matthew,Mccoy
887,Mary,Hammond
888,Cassandra,Payne
889,Thomas,Oliver
890,Brittany,Cowan
891,Trevor,Arnold
892,Sarah,Peterson
893,Rachel,Ramirez
894,Ronnie,Wells
895,Michael,Jones
896,Donna,Ray
897,Adam,Holmes
898,Arthur,Williams
899,Derek,Tucker
900,Troy,Green
901,Edward,Blake
902,Christian,Moody
903,Kenneth,Jones
904,Julie,Murray
905,Paul,Hancock
906,Jay,Mcgee
907,Ricky,Howard
908,Kyle,Lopez
909,Darrell,Oneill
910,Kristin,Harris
911,Christine,Hoffman
912,Becky,Doyle
913,Kristina,Young
914,Rickey,Jones
915,Jennifer,Walker
916,Frank,Becker
917,Kathy,Friedman
918,Michelle,Leblanc
919,Stephen,Ray
920,Megan,Walker
921,Kristen,Irwin
922,Cassandra,Kelley
923,Brad,Griffin
924,Kimberly,Austin
925,Donald,Simpson
926,Michael,Walter
927,Rebecca,Le
928,Mercedes,Wright
929,Todd,Farmer
930,Marisa,Li
931,Michael,Mccoy
932,Pamela,Meyer
933,Krista,Lane
934,Jeremy,Baird
935,William,Rice
936,Michelle,Freeman
937,Sarah,Robinson
938,Richard,Moore
939,Lisa,Carter
940,Corey,Holland
941,Dennis,Curtis
942,Amanda,Simmons
943,Miguel,Knight
944,John,Perry
945,Stephanie,Nelson
946,Jennifer,Smith
947,Lori,Marsh
948,Andrew,Smith
949,Misty,Gibson
950,John,Henson
951,Deborah,Steele
952,Timothy,Martinez
953,Trevor,Goodwin
954,Tracey,Mccall
955,Amanda,Torres
956,Erica,Ford
957,Adam,Norman
958,Timothy,Warner
959,Craig,Lester
960,Nicole,Morales
961,Pamela,Hill
962,Shannon,Ball
963,Matthew,Jimenez
964,Patrick,Carr
965,Julie,Norris
966,Cheryl,Welch
967,Holly,Huynh
968,Joel,Daugherty
969,Alexandra,Young
970,Megan,King
971,Lynn,Wells
972,Anna,Copeland
973,Patrick,Chambers
974,Jeremy,Mccall
975,Madison,Rodriguez
976,Alex,Smith
977,Robert,Wilson
978,Ashley,Saunders
979,Brittany,Preston
980,John,Ruiz
981,Spencer,Horn
982,Taylor,Summers
983,Tiffany,Prince
984,Beth,Lopez
985,Rebecca,Chung
986,Ann,Morris
987,Michael,Castro
988,Kelly,Wilson
989,Justin,Savage
990,Traci,Joseph
991,Jeremy,Gibson
992,Ana,Campbell
993,Dennis,Powell
994,Carrie,Thompson
995,Eric,Rice
996,Stephanie,Taylor
997,Chelsea,Hull
998,Melissa,Daniels
999,Thomas,Ward
1000,Paul,Hughes
